timestep,episode,reward,length
23344,1,277.49,1459
23456,2,277.88,1466
23600,3,277.08,1475
23616,4,275.61,1476
23952,5,275.36,1497
24160,6,274.02,1510
24208,7,275.10,1513
24416,8,273.51,1526
24560,9,273.46,1535
24576,10,272.77,1536
25568,11,269.20,1598
25600,12,258.76,1600
25600,13,265.77,1600
25600,14,260.79,1600
25600,15,267.96,1600
25600,16,261.38,1600
45712,17,280.56,1398
46320,18,279.80,1420
47024,19,275.53,1463
47584,20,275.78,1461
47984,21,280.21,1399
48064,22,273.58,1538
48112,23,276.45,1472
48176,24,274.91,1501
48256,25,275.82,1480
48320,26,279.53,1420
48416,27,273.66,1529
49312,28,277.05,1484
49328,29,275.01,1483
50016,30,245.89,1600
50064,31,272.76,1529
50208,32,273.87,1538
60816,33,24.97,663
66768,34,284.91,1316
70544,35,279.94,1398
70736,36,279.79,1395
70960,37,273.65,1540
71024,38,275.59,1500
71088,39,278.36,1427
71264,40,276.15,1480
71552,41,276.78,1465
71680,42,275.74,1476
72208,43,278.07,1430
72320,44,275.81,1500
72848,45,276.52,1471
73312,46,275.78,1456
73584,47,263.35,1600
74192,48,275.33,1508
86304,49,267.71,1593
91632,50,270.80,1554
92144,51,283.74,1350
92368,52,283.25,1352
92912,53,282.56,1353
93216,54,279.77,1391
93312,55,280.65,1393
93360,56,281.15,1392
93488,57,282.51,1330
93696,58,282.51,1336
94240,59,280.89,1410
94608,60,278.49,1441
94848,61,283.86,1329
95328,62,280.84,1376
95376,63,281.01,1408
96528,64,279.64,1396
108896,65,280.10,1412
113200,66,283.45,1348
113648,67,283.81,1344
114144,68,281.88,1361
114384,69,282.41,1342
114720,70,282.87,1335
114816,71,282.53,1350
115120,72,281.37,1363
115472,73,281.78,1374
115568,74,283.75,1333
116064,75,281.98,1398
117280,76,279.00,1417
117920,77,278.70,1442
117968,78,280.39,1415
118784,79,277.72,1463
119408,80,279.24,1430
120560,81,-119.27,72
123792,82,1.48,561
130576,83,282.79,1355
134288,84,285.83,1318
135328,85,282.79,1355
135488,86,286.93,1298
136192,87,282.16,1378
136656,88,283.64,1346
136704,89,283.15,1327
136912,90,285.65,1303
137328,91,280.33,1360
138048,92,287.88,1255
138272,93,275.15,1493
138496,94,285.88,1286
139264,95,281.27,1374
140816,96,281.95,1377
143408,97,278.58,1428
146336,98,279.00,1409
150784,99,288.51,1263
155632,100,287.34,1259
156064,101,282.85,1361
156512,102,284.43,1324
158112,103,284.67,1341
158224,104,283.48,1332
158608,105,286.56,1285
159328,106,284.98,1302
159504,107,285.08,1327
159568,108,278.19,1461
159664,109,280.79,1396
160208,110,285.01,1309
161056,111,273.79,1522
162208,112,281.86,1337
164960,113,282.21,1347
168800,114,280.22,1404
171872,115,283.35,1318
175984,116,289.01,1245
176160,117,286.59,1283
177136,118,285.71,1289
178864,119,286.50,1266
179632,120,282.69,1345
179824,121,286.79,1281
179888,122,287.83,1270
180224,123,284.98,1295
180416,124,285.75,1297
180560,125,279.70,1396
180640,126,289.38,1224
181744,127,282.61,1346
182272,128,287.31,1254
186832,129,281.35,1367
190224,130,282.46,1339
191856,131,288.74,1249
194784,132,63.61,815
196176,133,289.59,1251
196560,134,287.15,1286
198112,135,285.25,1311
198864,136,286.87,1250
200256,137,287.89,1252
200384,138,286.99,1285
200688,139,283.95,1316
200720,140,286.87,1255
201120,141,286.09,1294
201216,142,283.85,1333
201472,143,284.69,1307
203024,144,287.16,1297
207984,145,284.02,1322
210048,146,289.68,1239
212224,147,286.39,1273
215280,148,287.61,1281
216416,149,289.16,1241
217056,150,285.05,1305
218384,151,287.41,1267
219968,152,285.71,1319
220096,153,288.70,1232
220912,154,289.95,1237
220960,155,286.72,1265
220960,156,286.98,1294
221072,157,289.95,1225
221888,158,284.66,1325
222800,159,281.28,1349
224704,160,282.30,1355
229056,161,284.13,1317
229680,162,290.05,1227
231952,163,287.63,1233
235248,164,288.51,1248
236784,165,286.51,1273
237216,166,288.23,1260
238336,167,288.05,1247
239760,168,288.15,1229
240224,169,288.01,1266
241344,170,286.35,1277
241408,171,285.47,1278
241552,172,285.76,1280
241616,173,284.58,1291
242272,174,287.56,1274
243728,175,285.96,1308
244528,176,289.12,1239
249072,177,287.59,1251
249712,178,286.44,1252
251792,179,289.70,1240
255312,180,287.24,1254
256400,181,289.78,1226
257152,182,287.76,1246
258336,183,286.92,1250
259936,184,286.42,1261
260640,185,285.26,1276
260960,186,290.84,1222
261360,187,287.48,1251
262384,188,286.83,1302
262592,189,288.09,1270
262688,190,285.25,1317
263104,191,290.52,1211
264912,192,286.03,1274
268384,193,291.75,1167
269760,194,285.75,1293
270720,195,-115.56,60
271424,196,289.90,1227
275120,197,286.28,1238
276304,198,288.54,1244
277408,199,287.30,1266
278368,200,289.55,1252
280368,201,288.66,1233
280528,202,286.12,1287
280944,203,288.22,1224
281488,204,282.00,1283
282912,205,288.65,1264
283024,206,286.49,1277
283184,207,287.71,1255
283232,208,286.32,1303
285104,209,287.16,1262
288384,210,289.02,1250
290000,211,290.76,1205
290976,212,288.58,1222
294768,213,288.78,1228
297760,214,282.57,1341
298000,215,285.86,1287
298880,216,287.23,1282
300272,217,289.60,1208
300752,218,288.18,1264
300944,219,286.60,1286
301648,220,288.60,1260
302512,221,290.92,1218
302768,222,289.25,1241
303088,223,289.61,1244
303344,224,287.03,1257
304352,225,-121.60,115
305440,226,287.46,1271
308704,227,287.14,1270
309600,228,289.78,1225
311088,229,287.26,1257
314816,230,289.05,1253
317584,231,289.70,1224
317680,232,287.19,1245
319344,233,287.52,1279
319824,234,289.57,1222
320144,235,290.78,1200
321568,236,287.56,1245
322176,237,283.73,1339
322544,238,289.85,1216
323008,239,288.33,1229
323216,240,290.20,1179
323504,241,285.28,1296
325520,242,288.13,1255
328736,243,287.96,1252
329440,244,287.55,1240
331776,245,285.32,1293
333792,246,291.38,1186
337152,247,289.92,1217
337520,248,287.74,1246
338224,249,291.55,1180
339488,250,289.89,1229
339984,251,288.64,1240
341152,252,288.30,1224
341616,253,291.37,1215
342720,254,289.31,1232
342816,255,289.69,1207
342832,256,287.11,1268
343760,257,285.68,1284
345216,258,289.09,1231
349008,259,287.34,1267
349040,260,289.83,1225
351872,261,288.47,1256
353600,262,288.85,1238
356800,263,287.92,1228
357600,264,287.81,1255
357920,265,289.65,1231
359600,266,289.08,1257
360224,267,286.78,1265
361088,268,288.43,1246
362192,269,289.35,1217
362608,270,284.85,1312
362928,271,288.10,1256
363472,272,285.72,1291
363504,273,287.47,1234
364928,274,287.81,1232
367600,275,293.69,1162
369552,276,286.54,1282
371584,277,288.41,1232
372864,278,289.76,1204
376288,279,290.14,1218
376736,280,290.04,1196
378704,281,285.08,1299
379488,282,288.66,1243
380080,283,287.97,1241
381344,284,286.24,1266
382096,285,291.47,1218
382176,286,288.90,1249
382592,287,289.64,1229
382992,288,290.09,1220
383600,289,-4.59,429
384544,290,288.82,1226
384640,291,284.20,1321
387600,292,288.77,1250
388960,293,289.33,1213
392304,294,285.74,1295
393296,295,287.39,1277
396480,296,286.93,1262
397856,297,291.11,1197
399200,298,288.61,1232
399552,299,289.73,1217
401072,300,291.35,1186
401168,301,291.71,1187
401504,302,289.08,1260
402384,303,290.73,1212
403504,304,288.26,1244
403504,305,291.62,1185
404032,306,284.65,1340
404192,307,289.83,1222
404592,308,-67.66,193
406928,309,289.83,1208
408272,310,290.74,1207
410720,311,293.16,1151
412736,312,290.18,1215
413968,313,-26.03,356
415808,314,290.25,1208
417456,315,289.71,1225
418224,316,291.60,1189
418832,317,291.79,1205
419936,318,291.63,1173
420816,319,289.51,1234
421568,320,290.22,1199
422688,321,290.86,1199
422880,322,291.97,1168
422944,323,289.75,1215
423728,324,286.24,1231
424032,325,290.46,1215
426160,326,290.39,1202
429872,327,290.50,1197
430768,328,15.14,493
431888,329,289.45,1197
432656,330,292.06,1168
435200,331,290.58,1212
436256,332,-11.70,399
436944,333,289.18,1218
437712,334,289.77,1218
437760,335,290.38,1183
439248,336,290.26,1207
439600,337,291.51,1174
440736,338,291.04,1198
441520,339,292.62,1161
441968,340,289.93,1205
443312,341,289.24,1224
443376,342,288.19,1209
444944,343,292.11,1174
450624,344,288.72,1241
451056,345,290.66,1198
451824,346,291.25,1198
454592,347,289.24,1212
454928,348,294.12,1167
456144,349,290.62,1200
456608,350,293.04,1178
456624,351,291.61,1182
457760,352,293.43,1157
459440,353,289.47,1240
460048,354,290.47,1207
460544,355,291.40,1161
460848,356,291.74,1208
462192,357,292.03,1176
462240,358,292.37,1183
465344,359,287.56,1275
469936,360,291.07,1207
470432,361,292.09,1211
470880,362,289.72,1191
473680,363,291.14,1193
473680,364,291.58,1172
475504,365,291.07,1181
475776,366,293.13,1197
475824,367,289.80,1230
476496,368,292.04,1171
478592,369,291.34,1197
478944,370,291.90,1150
479376,371,289.98,1208
479584,372,289.84,1171
480640,373,293.69,1150
481696,374,288.58,1219
485024,375,289.06,1230
489024,376,291.56,1193
489760,377,291.44,1180
490112,378,289.05,1230
492288,379,292.33,1163
492288,380,292.14,1163
493712,381,293.68,1138
495008,382,292.73,1157
495456,383,289.38,1230
495616,384,289.80,1237
495776,385,-58.41,218
497920,386,291.11,1146
498096,387,289.58,1219
498208,388,290.83,1204
499008,389,290.51,1227
499584,390,290.90,1184
500768,391,291.72,1192
503744,392,291.73,1170
508304,393,289.88,1205
508784,394,292.06,1189
509728,395,289.33,1226
511104,396,290.89,1176
513280,397,292.89,1142
513744,398,287.23,1252
513904,399,138.09,931
514224,400,292.96,1163
514336,401,292.30,1160
514496,402,291.39,1190
515920,403,293.11,1125
517344,404,290.12,1196
517408,405,291.50,1207
518976,406,290.27,1212
519280,407,293.64,1157
522592,408,291.41,1178
